[
  {
    "id": "41e97ece-20a0-492a-8601-bb5eca3bf52b",
    "data": [
      {
        "text": "tell me about product",
        "userDefined": false
      }
    ],
    "isTemplate": false,
    "count": 0,
    "updated": 0
  },
  {
    "id": "53b0aa15-ab87-442e-b6fb-3c1abd9d3ed4",
    "data": [
      {
        "text": "tell me about project",
        "userDefined": false
      }
    ],
    "isTemplate": false,
    "count": 0,
    "updated": 0
  },
  {
    "id": "2b36028c-bfce-4d14-a367-107fa7d51909",
    "data": [
      {
        "text": "tell me in detail",
        "userDefined": false
      }
    ],
    "isTemplate": false,
    "count": 0,
    "updated": 0
  },
  {
    "id": "292801bd-d81e-41c3-980e-f0f9f2942592",
    "data": [
      {
        "text": "explain me the project",
        "userDefined": false
      }
    ],
    "isTemplate": false,
    "count": 0,
    "updated": 0
  },
  {
    "id": "19bc003a-b99e-451a-9c3c-d04a92e811f6",
    "data": [
      {
        "text": "explain me about the  details",
        "userDefined": false
      }
    ],
    "isTemplate": false,
    "count": 0,
    "updated": 0
  },
  {
    "id": "744eacb4-fc39-4d75-a136-6c0ea44a2f4d",
    "data": [
      {
        "text": "Tell me about the project",
        "userDefined": false
      }
    ],
    "isTemplate": false,
    "count": 0,
    "updated": 0
  },
  {
    "id": "e75e580f-d90c-47f1-9fd2-d977c71941e9",
    "data": [
      {
        "text": "tell me about the product",
        "userDefined": false
      }
    ],
    "isTemplate": false,
    "count": 0,
    "updated": 0
  },
  {
    "id": "dc699fe8-1675-441f-8a52-0931f6dd195e",
    "data": [
      {
        "text": "\n Who are you",
        "userDefined": false
      }
    ],
    "isTemplate": false,
    "count": 0,
    "updated": 0
  },
  {
    "id": "881d16e2-7a2e-4612-9075-644e0e009ae5",
    "data": [
      {
        "text": "What\u0027s up",
        "userDefined": false
      }
    ],
    "isTemplate": false,
    "count": 0,
    "updated": 0
  },
  {
    "id": "46231289-9234-4c92-928d-724cc27a081c",
    "data": [
      {
        "text": "Who are you",
        "userDefined": false
      }
    ],
    "isTemplate": false,
    "count": 0,
    "updated": 0
  },
  {
    "id": "264c1710-3e75-4b33-ab73-b079da1131c4",
    "data": [
      {
        "text": "Tell me about yourself",
        "userDefined": false
      }
    ],
    "isTemplate": false,
    "count": 0,
    "updated": 0
  },
  {
    "id": "198d1b18-45fc-4ab0-a8fa-02a11c7ad9a2",
    "data": [
      {
        "text": "Whats our product",
        "userDefined": false
      }
    ],
    "isTemplate": false,
    "count": 0,
    "updated": 0
  },
  {
    "id": "b9c6cc25-5bbb-4e4d-b798-4cae3959784c",
    "data": [
      {
        "text": "tell me anything",
        "userDefined": false
      }
    ],
    "isTemplate": false,
    "count": 0,
    "updated": 0
  },
  {
    "id": "8c3a92fa-2b4f-46d9-9cfc-d2199c04830f",
    "data": [
      {
        "text": "help me",
        "userDefined": false
      }
    ],
    "isTemplate": false,
    "count": 0,
    "updated": 0
  },
  {
    "id": "4ac87866-e385-43d6-8ec2-987ae2f8bfa1",
    "data": [
      {
        "text": "Whats this",
        "userDefined": false
      }
    ],
    "isTemplate": false,
    "count": 1,
    "updated": 0
  },
  {
    "id": "1aea4a0f-87d5-434a-bff3-3723edd3a827",
    "data": [
      {
        "text": "just going to say hi",
        "userDefined": false
      }
    ],
    "isTemplate": false,
    "count": 0,
    "updated": 0
  },
  {
    "id": "251b7518-d029-4b54-b089-652111d6cefa",
    "data": [
      {
        "text": "heya",
        "userDefined": false
      }
    ],
    "isTemplate": false,
    "count": 0,
    "updated": 0
  },
  {
    "id": "7becd9bd-fa85-4c4d-a5f0-725e5559a104",
    "data": [
      {
        "text": "hello hi",
        "userDefined": false
      }
    ],
    "isTemplate": false,
    "count": 0,
    "updated": 0
  },
  {
    "id": "67d151f1-4e2a-4f41-a7cb-a800806208be",
    "data": [
      {
        "text": "howdy",
        "userDefined": false
      }
    ],
    "isTemplate": false,
    "count": 0,
    "updated": 0
  },
  {
    "id": "d7620eec-6df9-430d-825d-7beb72f3008d",
    "data": [
      {
        "text": "hey there",
        "userDefined": false
      }
    ],
    "isTemplate": false,
    "count": 0,
    "updated": 0
  },
  {
    "id": "9e4c090d-3768-4856-acfa-5d05355cf30f",
    "data": [
      {
        "text": "hi there",
        "userDefined": false
      }
    ],
    "isTemplate": false,
    "count": 1,
    "updated": 0
  },
  {
    "id": "55e03d58-3469-46a3-a0a0-1d609799719a",
    "data": [
      {
        "text": "greetings",
        "userDefined": false
      }
    ],
    "isTemplate": false,
    "count": 0,
    "updated": 0
  },
  {
    "id": "c2a220b0-52e8-4a4d-a396-2e8f164f61a3",
    "data": [
      {
        "text": "hey",
        "userDefined": false
      }
    ],
    "isTemplate": false,
    "count": 0,
    "updated": 0
  },
  {
    "id": "201d0505-f884-46ce-9b90-bc0fe3a2ff5d",
    "data": [
      {
        "text": "long time no see",
        "userDefined": false
      }
    ],
    "isTemplate": false,
    "count": 0,
    "updated": 0
  },
  {
    "id": "28c7d07d-dabe-4a11-b3ac-390549ecc76f",
    "data": [
      {
        "text": "hello",
        "userDefined": false
      }
    ],
    "isTemplate": false,
    "count": 0,
    "updated": 0
  },
  {
    "id": "f0e1e9e6-f153-4532-be3b-95bd6dcc684f",
    "data": [
      {
        "text": "lovely day isn\u0027t it",
        "userDefined": false
      }
    ],
    "isTemplate": false,
    "count": 0,
    "updated": 0
  },
  {
    "id": "d7ffa682-939b-41bd-b637-263f128d88f9",
    "data": [
      {
        "text": "I greet you",
        "userDefined": false
      }
    ],
    "isTemplate": false,
    "count": 0,
    "updated": 0
  },
  {
    "id": "36c71cd7-9ce0-4974-9c2e-7634fd9d9a75",
    "data": [
      {
        "text": "hello again",
        "userDefined": false
      }
    ],
    "isTemplate": false,
    "count": 0,
    "updated": 0
  },
  {
    "id": "99a3a191-0672-4550-aa67-be227a1537f1",
    "data": [
      {
        "text": "hi",
        "userDefined": false
      }
    ],
    "isTemplate": false,
    "count": 0,
    "updated": 0
  },
  {
    "id": "4b9f6ac7-6f1c-4f26-b888-389600ec5ffd",
    "data": [
      {
        "text": "hello there",
        "userDefined": false
      }
    ],
    "isTemplate": false,
    "count": 0,
    "updated": 0
  },
  {
    "id": "dff1c631-bc17-4ebd-8a21-51c9bdf8aeae",
    "data": [
      {
        "text": "a good day",
        "userDefined": false
      }
    ],
    "isTemplate": false,
    "count": 0,
    "updated": 0
  }
]