[
  {
    "id": "8cfa956d-63f4-4685-b3e6-1e8e09102328",
    "data": [
      {
        "text": "not good",
        "userDefined": false
      }
    ],
    "isTemplate": false,
    "count": 1,
    "updated": 0
  },
  {
    "id": "e6d8b1db-4fd7-46f4-b3d5-363d0c5d075e",
    "data": [
      {
        "text": "improve the product",
        "userDefined": false
      }
    ],
    "isTemplate": false,
    "count": 0,
    "updated": 0
  },
  {
    "id": "640c3611-8a9d-4865-ad23-3f98bcd88bb6",
    "data": [
      {
        "text": "get lost",
        "userDefined": false
      }
    ],
    "isTemplate": false,
    "count": 0,
    "updated": 0
  },
  {
    "id": "630f895c-8cb6-4a3a-93ea-315a8366f6f3",
    "data": [
      {
        "text": "worthless",
        "userDefined": false
      }
    ],
    "isTemplate": false,
    "count": 0,
    "updated": 0
  },
  {
    "id": "44d8714e-d606-4906-ae58-6fbf6cc37011",
    "data": [
      {
        "text": "do not",
        "userDefined": false
      }
    ],
    "isTemplate": false,
    "count": 0,
    "updated": 0
  },
  {
    "id": "ac56761a-be6f-42a2-a832-20992814617e",
    "data": [
      {
        "text": "don\u0027t",
        "userDefined": false
      }
    ],
    "isTemplate": false,
    "count": 0,
    "updated": 0
  },
  {
    "id": "747b0533-ea8e-4cda-9e85-942cb721dc50",
    "data": [
      {
        "text": "never",
        "userDefined": false
      }
    ],
    "isTemplate": false,
    "count": 0,
    "updated": 0
  },
  {
    "id": "773b8a5a-6044-48b3-9839-35a4fa4e1c81",
    "data": [
      {
        "text": "no",
        "userDefined": false
      }
    ],
    "isTemplate": false,
    "count": 0,
    "updated": 0
  }
]