[
  {
    "id": "43478bf0-d502-4ffd-852e-1c1717b44c19",
    "data": [
      {
        "text": "interesting",
        "userDefined": false
      }
    ],
    "isTemplate": false,
    "count": 0,
    "updated": 0
  },
  {
    "id": "820b91eb-ef93-41d9-a5ab-f7edcfc71a32",
    "data": [
      {
        "text": "well done",
        "userDefined": false
      }
    ],
    "isTemplate": false,
    "count": 1,
    "updated": 0
  },
  {
    "id": "fed9b79d-8268-4e03-bc7f-c86ed12eebe2",
    "data": [
      {
        "text": "great",
        "userDefined": false
      }
    ],
    "isTemplate": false,
    "count": 0,
    "updated": 0
  },
  {
    "id": "4448b7fa-2b63-4306-9459-70d0991fccf1",
    "data": [
      {
        "text": "phenomenal",
        "userDefined": false
      }
    ],
    "isTemplate": false,
    "count": 0,
    "updated": 0
  },
  {
    "id": "749a292c-b4eb-45b3-b651-f9183cbd8d96",
    "data": [
      {
        "text": "fabulous",
        "userDefined": false
      }
    ],
    "isTemplate": false,
    "count": 0,
    "updated": 0
  },
  {
    "id": "84af300f-db64-40bf-86be-94e134e8faed",
    "data": [
      {
        "text": "fascinating",
        "userDefined": false
      }
    ],
    "isTemplate": false,
    "count": 0,
    "updated": 0
  },
  {
    "id": "f92abd2e-61fc-41c1-b3db-e2569c75200e",
    "data": [
      {
        "text": "fab",
        "userDefined": false
      }
    ],
    "isTemplate": false,
    "count": 0,
    "updated": 0
  },
  {
    "id": "e64d0e6e-fea8-4aa0-bff7-7771c5c61265",
    "data": [
      {
        "text": "love to hear it",
        "userDefined": false
      }
    ],
    "isTemplate": false,
    "count": 0,
    "updated": 0
  },
  {
    "id": "9da26328-4226-418e-9e6e-6ed69234f887",
    "data": [
      {
        "text": "brilliant",
        "userDefined": false
      }
    ],
    "isTemplate": false,
    "count": 0,
    "updated": 0
  },
  {
    "id": "b585bf82-6288-47ee-bb38-9b8004853133",
    "data": [
      {
        "text": "good work",
        "userDefined": false
      }
    ],
    "isTemplate": false,
    "count": 0,
    "updated": 0
  },
  {
    "id": "6156897e-292f-4824-a366-16947604d6f1",
    "data": [
      {
        "text": "keep it up",
        "userDefined": false
      }
    ],
    "isTemplate": false,
    "count": 0,
    "updated": 0
  },
  {
    "id": "659010da-0737-4aa5-b1bb-0709805fa965",
    "data": [
      {
        "text": "I am high impressed",
        "userDefined": false
      }
    ],
    "isTemplate": false,
    "count": 0,
    "updated": 0
  },
  {
    "id": "698bb717-1a63-4961-bb27-cbaf36773cfb",
    "data": [
      {
        "text": "what a product",
        "userDefined": false
      }
    ],
    "isTemplate": false,
    "count": 0,
    "updated": 0
  },
  {
    "id": "131f0a4a-e2ee-4ef1-a481-e01914e2938e",
    "data": [
      {
        "text": "Amazing",
        "userDefined": false
      }
    ],
    "isTemplate": false,
    "count": 0,
    "updated": 0
  },
  {
    "id": "c47994a3-c339-4920-88ca-3b299cd89e9c",
    "data": [
      {
        "text": "Awesome",
        "userDefined": false
      }
    ],
    "isTemplate": false,
    "count": 1,
    "updated": 0
  },
  {
    "id": "cedd87b8-ee41-4f90-a9ad-fa4bb6284cdc",
    "data": [
      {
        "text": "wow",
        "userDefined": false
      }
    ],
    "isTemplate": false,
    "count": 1,
    "updated": 0
  }
]