<prezi xsi:schemaLocation="http://prezi.com/schema/prezi/2 http://prezi.com/schema/prezi/2" xmlns:xsi="http://www.w3.org/2001/XMLSchema-instance" version="2" xmlns="http://prezi.com/schema/prezi/2"><xFields><xField name="preziType"><xEnum type="PreziType" value="converted-from-core"/></xField></xFields><aspectRatio><aspectRatio value="16:9"/></aspectRatio><background><background><layers><array><backgroundSwfGraphics><depth><double value="33.96493417183104"/></depth><fadeScale><double value="0.06477268552531391"/></fadeScale><swfBoundsLeft><double value="-237.8"/></swfBoundsLeft><swfBoundsTop><double value="-101.7"/></swfBoundsTop><width><double value="2706"/></width><height><double value="1729"/></height><onlineAssetId><string value="4184845127"/></onlineAssetId><onlineAssetUrl><string value="http://0103.static.prezi.com.s3.amazonaws.com/media/9/e/d/b392cbec5afce4c095c4c925967a842f37ad3.swf"/></onlineAssetUrl><assetSourceFilename><string value="process-09.swf"/></assetSourceFilename><localToWorld><transform2D x="538.9538663711727" y="4562.531589447332" scale="35.971222150045406" rotation="0"/></localToWorld></backgroundSwfGraphics></array></layers></background></background><documentStyle><documentStyle><fontClasses><array><fontClass><fontFamily><string value="PlayfairDisplay"/></fontFamily><name><string value="body"/></name></fontClass><fontClass><fontFamily><string value="OldStandard"/></fontFamily><name><string value="custom-oldstandard"/></name></fontClass><fontClass><fontFamily><string value="Oswald"/></fontFamily><name><string value="custom-oswald"/></name></fontClass><fontClass><fontFamily><string value="PlayfairDisplay"/></fontFamily><fontWeight><fontWeight value="bold"/></fontWeight><name><string value="head"/></name></fontClass><fontClass><fontFamily><string value="PlayfairDisplay"/></fontFamily><fontStyle><fontStyle value="italic"/></fontStyle><fontWeight><fontWeight value="bold"/></fontWeight><name><string value="strong"/></name></fontClass></array></fontClasses><fontFamilies><array><fontFamily><fontFaces><array><fontFace><fontSrc><string value="OldStandard-Regular.keg"/></fontSrc></fontFace><fontFace><fontSrc><string value="OldStandard-Bold.keg"/></fontSrc><fontWeight><fontWeight value="bold"/></fontWeight></fontFace><fontFace><fontSrc><string value="OldStandard-Italic.keg"/></fontSrc><fontStyle><fontStyle value="italic"/></fontStyle></fontFace></array></fontFaces><name><string value="OldStandard"/></name></fontFamily><fontFamily><fontFaces><array><fontFace><fontSrc><string value="Oswald-Regular.keg"/></fontSrc></fontFace><fontFace><fontSrc><string value="Oswald-Bold.keg"/></fontSrc><fontWeight><fontWeight value="bold"/></fontWeight></fontFace></array></fontFaces><name><string value="Oswald"/></name></fontFamily><fontFamily><fontFaces><array><fontFace><fontSrc><string value="PlayfairDisplay-Regular.keg"/></fontSrc></fontFace><fontFace><fontSrc><string value="PlayfairDisplay-Bold.keg"/></fontSrc><fontWeight><fontWeight value="bold"/></fontWeight></fontFace><fontFace><fontSrc><string value="PlayfairDisplay-BoldItalic.keg"/></fontSrc><fontStyle><fontStyle value="italic"/></fontStyle><fontWeight><fontWeight value="bold"/></fontWeight></fontFace><fontFace><fontSrc><string value="PlayfairDisplay-Italic.keg"/></fontSrc><fontStyle><fontStyle value="italic"/></fontStyle></fontFace></array></fontFaces><name><string value="PlayfairDisplay"/></name></fontFamily></array></fontFamilies><styleDeclarations><array><styleDeclaration><styleBlock><styleBlock><gradEndAlpha><double value="0.7"/></gradEndAlpha><gradStartAlpha><double value="0.5"/></gradStartAlpha></styleBlock></styleBlock><styleSelector><simpleSelector value="zCircle"/></styleSelector></styleDeclaration><styleDeclaration><styleBlock><styleBlock><color><color value="#A18327"/></color><gradEndColor><color value="#A18327"/></gradEndColor><gradStartColor><color value="#A18327"/></gradStartColor><fillType><fillType value="linear"/></fillType><borderColor><color value="#A18327"/></borderColor></styleBlock></styleBlock><styleSelector><simpleSelector value="*.line1"/></styleSelector></styleDeclaration><styleDeclaration><styleBlock><styleBlock><color><color value="#E8B42A"/></color><gradEndColor><color value="#E8B42A"/></gradEndColor><gradStartColor><color value="#E8B42A"/></gradStartColor><fillType><fillType value="linear"/></fillType><borderColor><color value="#E8B42A"/></borderColor></styleBlock></styleBlock><styleSelector><simpleSelector value="*.line2"/></styleSelector></styleDeclaration><styleDeclaration><styleBlock><styleBlock><color><color value="#FFF71F"/></color><gradEndColor><color value="#FFF71F"/></gradEndColor><gradStartColor><color value="#FFF71F"/></gradStartColor><fillType><fillType value="linear"/></fillType><borderColor><color value="#FFF71F"/></borderColor></styleBlock></styleBlock><styleSelector><simpleSelector value="*.line3"/></styleSelector></styleDeclaration><styleDeclaration><styleBlock><styleBlock><color><color value="#FFFF55"/></color><gradEndColor><color value="#FFFF55"/></gradEndColor><gradStartColor><color value="#FFFF55"/></gradStartColor><fillType><fillType value="linear"/></fillType><borderColor><color value="#FFFF55"/></borderColor></styleBlock></styleBlock><styleSelector><simpleSelector value="*.line4"/></styleSelector></styleDeclaration><styleDeclaration><styleBlock><styleBlock><color><color value="#FFFF96"/></color><gradEndColor><color value="#FFFF96"/></gradEndColor><gradStartColor><color value="#FFFF96"/></gradStartColor><fillType><fillType value="linear"/></fillType><borderColor><color value="#FFFF96"/></borderColor></styleBlock></styleBlock><styleSelector><simpleSelector value="*.line5"/></styleSelector></styleDeclaration><styleDeclaration><styleBlock><styleBlock><gradEndColor><color value="#A18327"/></gradEndColor><gradStartAlpha><double value="1"/></gradStartAlpha><gradStartColor><color value="#A18327"/></gradStartColor><fillType><fillType value="linear"/></fillType><borderColor><color value="#A18327"/></borderColor><borderThickness><double value="9"/></borderThickness></styleBlock></styleBlock><styleSelector><simpleSelector value="*.poly1"/></styleSelector></styleDeclaration><styleDeclaration><styleBlock><styleBlock><gradEndColor><color value="#E8B42A"/></gradEndColor><gradStartColor><color value="#E8B42A"/></gradStartColor><fillType><fillType value="linear"/></fillType><borderColor><color value="#E8B42A"/></borderColor><borderThickness><double value="0"/></borderThickness></styleBlock></styleBlock><styleSelector><simpleSelector value="*.poly2"/></styleSelector></styleDeclaration><styleDeclaration><styleBlock><styleBlock><gradEndColor><color value="#FFF71F"/></gradEndColor><gradStartColor><color value="#FFF71F"/></gradStartColor><fillType><fillType value="linear"/></fillType><borderColor><color value="#FFF71F"/></borderColor><borderThickness><double value="9"/></borderThickness></styleBlock></styleBlock><styleSelector><simpleSelector value="*.poly3"/></styleSelector></styleDeclaration><styleDeclaration><styleBlock><styleBlock><gradEndColor><color value="#FFFF55"/></gradEndColor><gradStartColor><color value="#FFFF55"/></gradStartColor><fillType><fillType value="linear"/></fillType><borderColor><color value="#FFFF55"/></borderColor><borderThickness><double value="0"/></borderThickness></styleBlock></styleBlock><styleSelector><simpleSelector value="*.poly4"/></styleSelector></styleDeclaration><styleDeclaration><styleBlock><styleBlock><gradEndColor><color value="#FFFF96"/></gradEndColor><gradStartColor><color value="#FFFF96"/></gradStartColor><fillType><fillType value="linear"/></fillType><borderColor><color value="#FFFF96"/></borderColor><borderThickness><double value="9"/></borderThickness></styleBlock></styleBlock><styleSelector><simpleSelector value="*.poly5"/></styleSelector></styleDeclaration><styleDeclaration><styleBlock><styleBlock><gradEndColor><color value="#193144"/></gradEndColor><gradStartColor><color value="#193144"/></gradStartColor><fillType><fillType value="linear"/></fillType></styleBlock></styleBlock><styleSelector><simpleSelector value="background"/></styleSelector></styleDeclaration><styleDeclaration><styleBlock><styleBlock><gradEndColor><color value="#333333"/></gradEndColor><gradStartColor><color value="#333333"/></gradStartColor><fillType><fillType value="linear"/></fillType><borderColor><color value="#7F7F7F"/></borderColor><borderThickness><double value="0"/></borderThickness><thickness><double value="7"/></thickness></styleBlock></styleBlock><styleSelector><simpleSelector value="zArrow"/></styleSelector></styleDeclaration><styleDeclaration><styleBlock><styleBlock><color><color value="#FFFFFF"/></color><alpha><double value="0.8"/></alpha><gradEndAlpha><double value="1"/></gradEndAlpha><gradStartAlpha><double value="1"/></gradStartAlpha><borderAlpha><double value="1"/></borderAlpha><borderColor><color value="#000000"/></borderColor><borderThickness><double value="0"/></borderThickness><radius><double value="0"/></radius><thickness><double value="100"/></thickness></styleBlock></styleBlock><styleSelector><simpleSelector value="zCircle"/></styleSelector></styleDeclaration><styleDeclaration><styleBlock><styleBlock><color><color value="#333333"/></color></styleBlock></styleBlock><styleSelector><simpleSelector value="zPencil"/></styleSelector></styleDeclaration><styleDeclaration><styleBlock><styleBlock><gradEndColor><color value="#E8B42A"/></gradEndColor><gradStartColor><color value="#E8B42A"/></gradStartColor><fillType><fillType value="linear"/></fillType><borderAlpha><double value="1"/></borderAlpha><borderColor><color value="#E8B42A"/></borderColor><borderThickness><double value="0"/></borderThickness><padding><double value="1.03"/></padding><thickness><double value="8"/></thickness></styleBlock></styleBlock><styleSelector><simpleSelector value="zBracketFrame"/></styleSelector></styleDeclaration><styleDeclaration><styleBlock><styleBlock><gradEndColor><color value="#A18327"/></gradEndColor><gradStartColor><color value="#A18327"/></gradStartColor><fillType><fillType value="linear"/></fillType><borderAlpha><double value="1"/></borderAlpha><borderColor><color value="#A18327"/></borderColor><borderThickness><double value="0"/></borderThickness><padding><double value="1.03"/></padding><thickness><double value="8"/></thickness></styleBlock></styleBlock><styleSelector><simpleSelector value="zCircleFrame"/></styleSelector></styleDeclaration><styleDeclaration><styleBlock><styleBlock><gradEndAlpha><double value="0.7"/></gradEndAlpha><gradEndColor><color value="#273F52"/></gradEndColor><gradStartAlpha><double value="0.7"/></gradStartAlpha><gradStartColor><color value="#273F52"/></gradStartColor><fillType><fillType value="linear"/></fillType><borderAlpha><double value="0.85"/></borderAlpha><borderColor><color value="#FFF71F"/></borderColor><borderThickness><double value="25"/></borderThickness><padding><double value="1.03"/></padding><radius><double value="3"/></radius></styleBlock></styleBlock><styleSelector><simpleSelector value="zRectangleFrame"/></styleSelector></styleDeclaration><styleDeclaration><styleBlock><styleBlock><padding><double value="1.2"/></padding></styleBlock></styleBlock><styleSelector><simpleSelector value="zText"/></styleSelector></styleDeclaration><styleDeclaration><styleBlock><styleBlock><color><color value="#F6F6F6"/></color><fontClass><string value="body"/></fontClass></styleBlock></styleBlock><styleSelector><simpleSelector value="zText.body"/></styleSelector></styleDeclaration><styleDeclaration><styleBlock><styleBlock><backgroundAlpha><double value="0.9"/></backgroundAlpha><backgroundColor><color value="#A18327"/></backgroundColor><backgroundPadding><double value="5"/></backgroundPadding></styleBlock></styleBlock><styleSelector><simpleSelector value="zText.body-background"/></styleSelector></styleDeclaration><styleDeclaration><styleBlock><styleBlock><color><color value="#F6F6F6"/></color><fontClass><string value="head"/></fontClass></styleBlock></styleBlock><styleSelector><simpleSelector value="zText.title"/></styleSelector></styleDeclaration><styleDeclaration><styleBlock><styleBlock><backgroundAlpha><double value="0.9"/></backgroundAlpha><backgroundColor><color value="#A18327"/></backgroundColor><backgroundPadding><double value="5"/></backgroundPadding></styleBlock></styleBlock><styleSelector><simpleSelector value="zText.title-background"/></styleSelector></styleDeclaration><styleDeclaration><styleBlock><styleBlock><color><color value="#FFFF55"/></color><fontClass><string value="strong"/></fontClass></styleBlock></styleBlock><styleSelector><simpleSelector value="zText.subtitle"/></styleSelector></styleDeclaration><styleDeclaration><styleBlock><styleBlock><backgroundAlpha><double value="0.9"/></backgroundAlpha><backgroundColor><color value="#E8B42A"/></backgroundColor><backgroundPadding><double value="5"/></backgroundPadding></styleBlock></styleBlock><styleSelector><simpleSelector value="zText.subtitle-background"/></styleSelector></styleDeclaration><styleDeclaration><styleBlock><styleBlock><color><color value="#8729FD"/></color><alpha><double value="0.65"/></alpha></styleBlock></styleBlock><styleSelector><simpleSelector value="zMarker"/></styleSelector></styleDeclaration><styleDeclaration><styleBlock><styleBlock><color><color value="#FFFFFF"/></color><alpha><double value="1"/></alpha><gradEndAlpha><double value="1"/></gradEndAlpha><gradStartAlpha><double value="1"/></gradStartAlpha><borderAlpha><double value="1"/></borderAlpha><borderColor><color value="#000000"/></borderColor><borderThickness><double value="0"/></borderThickness><radius><double value="0"/></radius><thickness><double value="100"/></thickness></styleBlock></styleBlock><styleSelector><simpleSelector value="zTriangle"/></styleSelector></styleDeclaration><styleDeclaration><styleBlock><styleBlock><color><color value="#FFFFFF"/></color><alpha><double value="1"/></alpha><gradEndAlpha><double value="1"/></gradEndAlpha><gradStartAlpha><double value="1"/></gradStartAlpha><borderAlpha><double value="1"/></borderAlpha><borderColor><color value="#000000"/></borderColor><borderThickness><double value="0"/></borderThickness><radius><double value="0"/></radius><thickness><double value="100"/></thickness></styleBlock></styleBlock><styleSelector><simpleSelector value="zSquare"/></styleSelector></styleDeclaration><styleDeclaration><styleBlock><styleBlock><padding><double value="1.2"/></padding></styleBlock></styleBlock><styleSelector><simpleSelector value="ZVideo"/></styleSelector></styleDeclaration><styleDeclaration><styleBlock><styleBlock><fontClass><string value="custom-oswald"/></fontClass></styleBlock></styleBlock><styleSelector><simpleSelector value="#0_30863873"/></styleSelector></styleDeclaration><styleDeclaration><styleBlock><styleBlock><thickness><double value="1"/></thickness></styleBlock></styleBlock><styleSelector><simpleSelector value="#1_177560541"/></styleSelector></styleDeclaration><styleDeclaration><styleBlock><styleBlock><fontClass><string value="custom-oldstandard"/></fontClass></styleBlock></styleBlock><styleSelector><simpleSelector value="#41_30863873"/></styleSelector></styleDeclaration><styleDeclaration><styleBlock><styleBlock><thickness><double value="1"/></thickness></styleBlock></styleBlock><styleSelector><simpleSelector value="#43_177560541"/></styleSelector></styleDeclaration><styleDeclaration><styleBlock><styleBlock><thickness><double value="1"/></thickness></styleBlock></styleBlock><styleSelector><simpleSelector value="#44_177560541"/></styleSelector></styleDeclaration><styleDeclaration><styleBlock><styleBlock><thickness><double value="1"/></thickness></styleBlock></styleBlock><styleSelector><simpleSelector value="#47_177560541"/></styleSelector></styleDeclaration><styleDeclaration><styleBlock><styleBlock><thickness><double value="1"/></thickness></styleBlock></styleBlock><styleSelector><simpleSelector value="#48_177560541"/></styleSelector></styleDeclaration><styleDeclaration><styleBlock><styleBlock><thickness><double value="1"/></thickness></styleBlock></styleBlock><styleSelector><simpleSelector value="#49_177560541"/></styleSelector></styleDeclaration><styleDeclaration><styleBlock><styleBlock><thickness><double value="1"/></thickness></styleBlock></styleBlock><styleSelector><simpleSelector value="#51_30863873"/></styleSelector></styleDeclaration><styleDeclaration><styleBlock><styleBlock><thickness><double value="1"/></thickness></styleBlock></styleBlock><styleSelector><simpleSelector value="#54_177560541"/></styleSelector></styleDeclaration><styleDeclaration><styleBlock><styleBlock><thickness><double value="1"/></thickness></styleBlock></styleBlock><styleSelector><simpleSelector value="#55_177560541"/></styleSelector></styleDeclaration><styleDeclaration><styleBlock><styleBlock><thickness><double value="1"/></thickness></styleBlock></styleBlock><styleSelector><simpleSelector value="#56_177560541"/></styleSelector></styleDeclaration><styleDeclaration><styleBlock><styleBlock><thickness><double value="1"/></thickness></styleBlock></styleBlock><styleSelector><simpleSelector value="#56_30863873"/></styleSelector></styleDeclaration><styleDeclaration><styleBlock><styleBlock><thickness><double value="1"/></thickness></styleBlock></styleBlock><styleSelector><simpleSelector value="#59_177560541"/></styleSelector></styleDeclaration><styleDeclaration><styleBlock><styleBlock><thickness><double value="1"/></thickness></styleBlock></styleBlock><styleSelector><simpleSelector value="#60_30863873"/></styleSelector></styleDeclaration><styleDeclaration><styleBlock><styleBlock><thickness><double value="1"/></thickness></styleBlock></styleBlock><styleSelector><simpleSelector value="#64_30863873"/></styleSelector></styleDeclaration><styleDeclaration><styleBlock><styleBlock><borderThickness><double value="9"/></borderThickness></styleBlock></styleBlock><styleSelector><simpleSelector value="#65_177560541"/></styleSelector></styleDeclaration><styleDeclaration><styleBlock><styleBlock><thickness><double value="1"/></thickness></styleBlock></styleBlock><styleSelector><simpleSelector value="#68_30863873"/></styleSelector></styleDeclaration></array></styleDeclarations></documentStyle></documentStyle><path><array><flyToObject><target><ref value="60_177560541"/></target></flyToObject><flyToObject><target><ref value="2"/></target></flyToObject><flyToObject><target><ref value="5_177560541"/></target></flyToObject><flyToObject><target><ref value="55_30863873"/></target></flyToObject><flyToObject><target><ref value="59_30863873"/></target></flyToObject><flyToObject><target><ref value="44_30863873"/></target></flyToObject><flyToObject><target><ref value="67_30863873"/></target></flyToObject><flyToObject><target><ref value="63_30863873"/></target></flyToObject><flyToObject><target><ref value="48_30863873"/></target></flyToObject><flyToObject><target><ref value="60_177560541"/></target></flyToObject></array></path><zObjects><array><zGroup><id><string value="40_30863873"/></id><children><array><ref value="65_177560541"/><ref value="70_177560541"/></array></children><localToWorld><transform2D x="-15817.187927512019" y="8398.026473543148" scale="11.18336774617078" rotation="0"/></localToWorld></zGroup><zInvisibleFrame><id><string value="60_177560541"/></id><width><double value="1092.0000155065206"/></width><height><double value="607.5304002761841"/></height><styleClasses><array><token value="invisible"/></array></styleClasses><localToWorld><transform2D x="-2.0760215210598073E-13" y="0" scale="35.46071948812481" rotation="0"/></localToWorld></zInvisibleFrame><zCircleFrame><id><string value="2"/></id><width><double value="800"/></width><height><double value="800"/></height><styleClasses><array><token value="circle"/></array></styleClasses><localToWorld><transform2D x="-11173.43164459546" y="1677.0514041246138" scale="4.551560178709933" rotation="0"/></localToWorld></zCircleFrame><zCircleFrame><id><string value="5_177560541"/></id><width><double value="800"/></width><height><double value="800"/></height><styleClasses><array><token value="circle"/></array></styleClasses><localToWorld><transform2D x="-6415.166539946703" y="-1391.8222826969588" scale="2.4225160455018684" rotation="0"/></localToWorld></zCircleFrame><zLine><id><string value="43_177560541"/></id><startEndDistance><double value="-44.04414935358612"/></startEndDistance><styleClasses><array><token value="line2"/></array></styleClasses><localToWorld><transform2D x="-6402.584401421087" y="156.81644699678756" scale="21.927269745043162" rotation="-1.5707963267948977"/></localToWorld></zLine><zLine><id><string value="44_177560541"/></id><startEndDistance><double value="-45.56489094946832"/></startEndDistance><styleClasses><array><token value="line2"/></array></styleClasses><localToWorld><transform2D x="-6419.004073417069" y="3277.7882326537606" scale="21.927269745043162" rotation="-1.5707963267948977"/></localToWorld></zLine><zLine><id><string value="47_177560541"/></id><startEndDistance><double value="28.540583202214712"/></startEndDistance><styleClasses><array><token value="line2"/></array></styleClasses><localToWorld><transform2D x="-692.5404895775715" y="-1472.508391260262" scale="30.084214090199197" rotation="1.5707963267948966"/></localToWorld></zLine><zLine><id><string value="48_177560541"/></id><startEndDistance><double value="31.077299129307633"/></startEndDistance><styleClasses><array><token value="line2"/></array></styleClasses><localToWorld><transform2D x="-763.4708704266574" y="4829.554234437094" scale="30.084214090199197" rotation="1.5707963267948966"/></localToWorld></zLine><zLine><id><string value="49_177560541"/></id><startEndDistance><double value="257.09522246023243"/></startEndDistance><styleClasses><array><token value="line2"/></array></styleClasses><localToWorld><transform2D x="3739.9609688288992" y="-866.3402683285758" scale="30.084214090199197" rotation="0.5235987755982986"/></localToWorld></zLine><zLine><id><string value="54_177560541"/></id><startEndDistance><double value="-20"/></startEndDistance><styleClasses><array><token value="line5"/></array></styleClasses><localToWorld><transform2D x="-8344.729320186374" y="1695.9462409858588" scale="84.23579945255777" rotation="-4.1033930996790564E-16"/></localToWorld></zLine><zLine><id><string value="55_177560541"/></id><startEndDistance><double value="-20.749133408129143"/></startEndDistance><styleClasses><array><token value="line5"/></array></styleClasses><localToWorld><transform2D x="-4394.5099653901025" y="1695.1461503100236" scale="84.23579945255777" rotation="-2.434279528742773E-15"/></localToWorld></zLine><zLine><id><string value="56_177560541"/></id><startEndDistance><double value="-58.12284984548744"/></startEndDistance><styleClasses><array><token value="line5"/></array></styleClasses><localToWorld><transform2D x="4602.785145679235" y="1639.536148288724" scale="84.23579945255777" rotation="-2.596029893013366E-16"/></localToWorld></zLine><zLine><id><string value="59_177560541"/></id><startEndDistance><double value="234.89501117609987"/></startEndDistance><styleClasses><array><token value="line5"/></array></styleClasses><localToWorld><transform2D x="-695.7813887237028" y="-6675.738040881067" scale="87.70907898017259" rotation="0"/></localToWorld></zLine><zLine><id><string value="1_177560541"/></id><startEndDistance><double value="80.65565927047541"/></startEndDistance><styleClasses><array><token value="line5"/></array></styleClasses><localToWorld><transform2D x="-6410.062765506881" y="-1374.3341219431143" scale="11.422091148646444" rotation="1.241210495047058E-17"/></localToWorld></zLine><zCircle><id><string value="65_177560541"/></id><radius><double value="146.94978781563685"/></radius><styleClasses><array><token value="poly1"/></array></styleClasses><localToWorld><transform2D x="-15812.900222701195" y="8156.729203093311" scale="1.4736474992088042" rotation="0"/></localToWorld></zCircle><zImage><id><string value="0_87606198"/></id><onlineAssetId><string value="5207751762"/></onlineAssetId><onlineAssetUrl><string value="http://0103.static.prezi.com.s3.amazonaws.com/media/d/b/b/8f4beadb2ee96c57881026f8e94327a58c1f6.JPG"/></onlineAssetUrl><assetSourceFilename><string value="logo.JPG"/></assetSourceFilename><width><double value="533"/></width><height><double value="476"/></height><localToWorld><transform2D x="-15699.242391242817" y="7323.707897259392" scale="11.863926364957168" rotation="0"/></localToWorld></zImage><zText><id><string value="70_177560541"/></id><text><text><width>165.1312633727875</width><p align="right"><span><![CDATA[BYTE-FOR-BAIT]]></span></p></text></text><styleClasses><array><token value="title"/></array></styleClasses><localToWorld><transform2D x="-15817.187927512019" y="8682.777000494774" scale="5.617954610117998" rotation="0"/></localToWorld></zText><zText><id><string value="0_30863873"/></id><text><text><width>432.43495900568416</width><p align="center"><span><![CDATA[TEAM BYTE-FOR-BAIT]]></span></p></text></text><styleClasses><array><token value="subtitle"/></array></styleClasses><localToWorld><transform2D x="-733.5976369537424" y="-5779.855258876256" scale="39.8635118154323" rotation="0"/></localToWorld></zText><zText><id><string value="1_30863873"/></id><text><text><width>617.8623529514791</width><p align="center"><span><![CDATA[FOREST FIRE PREDICTION AND IDENTIFICATION]]></span></p></text></text><styleClasses><array><token value="title"/></array></styleClasses><localToWorld><transform2D x="-2.417970956766477" y="-8096.881085140519" scale="54.18435485833333" rotation="0"/></localToWorld></zText><zText><id><string value="41_30863873"/></id><text><text><width>350.5583327643246</width><p align="center"><span><![CDATA[Each year we hear terrible news about forest fires from world fire prone areas, a trend that has continued this year with the especially tragic news from Greece and Amazon, America. Unfortunately, more are expected to come.]]></span></p></text></text><styleClasses><array><token value="subtitle"/></array></styleClasses><localToWorld><transform2D x="-11173.822839983293" y="1834.4128817453632" scale="7.782505865056178" rotation="0"/></localToWorld></zText><zCircleFrame><id><string value="44_30863873"/></id><width><double value="800"/></width><height><double value="800"/></height><styleClasses><array><token value="circle"/></array></styleClasses><localToWorld><transform2D x="-681.437386910355" y="1641.3598939391213" scale="6.372184250193908" rotation="0"/></localToWorld></zCircleFrame><zText><id><string value="45_30863873"/></id><text><text><width>196.0789724425127</width><p align="center"><span><![CDATA[Click to add text]]></span></p></text></text><isPlaceholder><bool value="true"/></isPlaceholder><styleClasses><array><token value="subtitle"/></array></styleClasses><localToWorld><transform2D x="-669.3855075505571" y="626.3695831008575" scale="18.627336490661595" rotation="0"/></localToWorld></zText><zText><id><string value="46_30863873"/></id><text><text><width>359.41564948387014</width><p><span><![CDATA[Click to add text]]></span></p></text></text><isPlaceholder><bool value="true"/></isPlaceholder><styleClasses><array><token value="title"/></array></styleClasses><localToWorld><transform2D x="-677.2189963727398" y="1711.4662006491783" scale="8.536190238479744" rotation="0"/></localToWorld></zText><zCircleFrame><id><string value="48_30863873"/></id><width><double value="800"/></width><height><double value="800"/></height><styleClasses><array><token value="circle"/></array></styleClasses><localToWorld><transform2D x="10815.542994420972" y="1786.610799815748" scale="8.921057950271473" rotation="0"/></localToWorld></zCircleFrame><zText><id><string value="49_30863873"/></id><text><text><width>196.0789724425127</width><p align="center"><span><![CDATA[Click to add text]]></span></p></text></text><isPlaceholder><bool value="true"/></isPlaceholder><styleClasses><array><token value="subtitle"/></array></styleClasses><localToWorld><transform2D x="10832.415625524694" y="365.6243646421794" scale="26.078271086926247" rotation="0"/></localToWorld></zText><zText><id><string value="50_30863873"/></id><text><text><width>359.41564948387014</width><p><span><![CDATA[Click to add text]]></span></p></text></text><isPlaceholder><bool value="true"/></isPlaceholder><styleClasses><array><token value="title"/></array></styleClasses><localToWorld><transform2D x="10821.44874117363" y="1884.759629209829" scale="11.950666333871638" rotation="0"/></localToWorld></zText><zLine><id><string value="51_30863873"/></id><startEndDistance><double value="257.09522246023243"/></startEndDistance><styleClasses><array><token value="line2"/></array></styleClasses><localToWorld><transform2D x="3693.0380628803264" y="4116.480151957153" scale="30.084214090199197" rotation="-0.5235987755982986"/></localToWorld></zLine><zText><id><string value="53_30863873"/></id><text><text><width>196.0789724425127</width><p align="center"><span><![CDATA[It's a fact that most of the world's oxygen is supplied by these forests itself.]]></span></p></text></text><styleClasses><array><token value="subtitle"/></array></styleClasses><localToWorld><transform2D x="-6415.248442926229" y="-1816.0026138091691" scale="3.986682088949148" rotation="0"/></localToWorld></zText><zCircleFrame><id><string value="55_30863873"/></id><width><double value="800"/></width><height><double value="800"/></height><styleClasses><array><token value="circle"/></array></styleClasses><localToWorld><transform2D x="-6390.346310134048" y="1721.225386820116" scale="2.4225160455018684" rotation="0"/></localToWorld></zCircleFrame><zLine><id><string value="56_30863873"/></id><startEndDistance><double value="80.65565927047541"/></startEndDistance><styleClasses><array><token value="line5"/></array></styleClasses><localToWorld><transform2D x="-6385.242535694228" y="1738.7135475739606" scale="11.422091148646444" rotation="1.241210495047058E-17"/></localToWorld></zLine><zText><id><string value="57_30863873"/></id><text><text><width>313.28487030994955</width><p align="center"><span style="normal"><![CDATA[We BYTE-FOR-BAIT thought that forest fires can be prevented by making use of the prevailing technology]]></span></p><p align="center"><span style="normal"><![CDATA[and the intelligent systems that we have!]]></span></p></text></text><styleClasses><array><token value="subtitle"/></array></styleClasses><localToWorld><transform2D x="-6380.645380912853" y="1341.8208580668727" scale="3.8539941222486314" rotation="0"/></localToWorld></zText><zText><id><string value="58_30863873"/></id><text><text><width>359.41564948387014</width><p><span><![CDATA[Click to add text]]></span></p></text></text><isPlaceholder><bool value="true"/></isPlaceholder><styleClasses><array><token value="title"/></array></styleClasses><localToWorld><transform2D x="-6368.83626018684" y="1868.466073970159" scale="3.110856500903697" rotation="0"/></localToWorld></zText><zCircleFrame><id><string value="59_30863873"/></id><width><double value="800"/></width><height><double value="800"/></height><styleClasses><array><token value="circle"/></array></styleClasses><localToWorld><transform2D x="-6394.182128029522" y="4826.3746950274735" scale="2.4225160455018684" rotation="0"/></localToWorld></zCircleFrame><zLine><id><string value="60_30863873"/></id><startEndDistance><double value="80.65565927047541"/></startEndDistance><styleClasses><array><token value="line5"/></array></styleClasses><localToWorld><transform2D x="-6389.078353589707" y="4843.862855781315" scale="11.422091148646444" rotation="1.241210495047058E-17"/></localToWorld></zLine><zText><id><string value="61_30863873"/></id><text><text><width>196.0789724425127</width><p align="center"><span><![CDATA[Click to add text]]></span></p></text></text><isPlaceholder><bool value="true"/></isPlaceholder><styleClasses><array><token value="subtitle"/></array></styleClasses><localToWorld><transform2D x="-6394.092884204271" y="4437.757305579871" scale="6.788387933914577" rotation="0"/></localToWorld></zText><zText><id><string value="62_30863873"/></id><text><text><width>359.41564948387014</width><p><span><![CDATA[Click to add text]]></span></p></text></text><isPlaceholder><bool value="true"/></isPlaceholder><styleClasses><array><token value="title"/></array></styleClasses><localToWorld><transform2D x="-6400.337308881575" y="5008.1740945785605" scale="3.110856500903697" rotation="0"/></localToWorld></zText><zCircleFrame><id><string value="63_30863873"/></id><width><double value="800"/></width><height><double value="800"/></height><styleClasses><array><token value="circle"/></array></styleClasses><localToWorld><transform2D x="-757.7466381365726" y="6415.730557112413" scale="2.4225160455018684" rotation="0"/></localToWorld></zCircleFrame><zLine><id><string value="64_30863873"/></id><startEndDistance><double value="80.65565927047541"/></startEndDistance><styleClasses><array><token value="line5"/></array></styleClasses><localToWorld><transform2D x="-752.6428636967497" y="6433.218717866259" scale="11.422091148646444" rotation="1.241210495047058E-17"/></localToWorld></zLine><zText><id><string value="65_30863873"/></id><text><text><width>196.0789724425127</width><p align="center"><span><![CDATA[Click to add text]]></span></p></text></text><isPlaceholder><bool value="true"/></isPlaceholder><styleClasses><array><token value="subtitle"/></array></styleClasses><localToWorld><transform2D x="-757.6573943113174" y="6027.1131676648165" scale="6.788387933914577" rotation="0"/></localToWorld></zText><zText><id><string value="66_30863873"/></id><text><text><width>359.41564948387014</width><p><span><![CDATA[Click to add text]]></span></p></text></text><isPlaceholder><bool value="true"/></isPlaceholder><styleClasses><array><token value="title"/></array></styleClasses><localToWorld><transform2D x="-763.9018189886217" y="6597.529956663504" scale="3.110856500903697" rotation="0"/></localToWorld></zText><zCircleFrame><id><string value="67_30863873"/></id><width><double value="800"/></width><height><double value="800"/></height><styleClasses><array><token value="circle"/></array></styleClasses><localToWorld><transform2D x="-707.2379817632714" y="-2962.211391581364" scale="2.4225160455018684" rotation="0"/></localToWorld></zCircleFrame><zLine><id><string value="68_30863873"/></id><startEndDistance><double value="80.65565927047541"/></startEndDistance><styleClasses><array><token value="line5"/></array></styleClasses><localToWorld><transform2D x="-702.1342073234517" y="-2944.72323082752" scale="11.422091148646444" rotation="1.241210495047058E-17"/></localToWorld></zLine><zText><id><string value="69_30863873"/></id><text><text><width>196.0789724425127</width><p align="center"><span><![CDATA[Click to add text]]></span></p></text></text><isPlaceholder><bool value="true"/></isPlaceholder><styleClasses><array><token value="subtitle"/></array></styleClasses><localToWorld><transform2D x="-707.1487379380156" y="-3350.8287810289644" scale="6.788387933914577" rotation="0"/></localToWorld></zText><zText><id><string value="70_30863873"/></id><text><text><width>359.41564948387014</width><p><span><![CDATA[Click to add text]]></span></p></text></text><isPlaceholder><bool value="true"/></isPlaceholder><styleClasses><array><token value="title"/></array></styleClasses><localToWorld><transform2D x="-713.39316261532" y="-2780.4119920302755" scale="3.110856500903697" rotation="0"/></localToWorld></zText><zText><id><string value="1_87606198"/></id><text><text><width>353.77734375</width><p align="center"><span><![CDATA[Depletion of these forests will lead to bad consequences and will act like a slow poison for the planet's livestock]]></span></p></text></text><styleClasses><array><token value="subtitle"/></array></styleClasses><localToWorld><transform2D x="-6415.282636477801" y="-1002.4033113570907" scale="3.986682088949148" rotation="0"/></localToWorld></zText></array></zObjects></prezi>